source,target,type
1,1,actor
2,1,actor
3,1,actor
4,1,actor
5,1,actor
6,1,actor
7,1,actor
8,1,actor
9,1,actor
10,1,actor
11,1,actor
12,1,actor
13,1,actor
14,1,actor
15,1,actor
16,1,actor
17,1,actor
18,1,actor
19,1,actor
20,1,actor
21,1,actor
22,1,actor
23,1,actor
24,1,actor
25,1,actor
26,1,actor
27,1,actor
28,1,actor
29,1,actor
30,1,actor
31,1,actor
32,1,actor
33,1,actor
34,1,actor
35,1,actor
36,1,actor
37,1,actor
38,1,actor
39,1,actor
40,1,actor
41,1,actor
42,1,actor
43,1,actor
44,1,actor
45,1,actor
46,1,actor
47,1,actor
48,1,actor
49,1,actor
50,1,actor
51,1,actor
52,1,actor
1,53,system
2,53,system
3,53,system
4,53,system
5,53,system
6,53,system
7,53,system
8,53,system
9,53,system
10,53,system
11,53,system
12,53,system
13,53,system
14,53,system
15,53,system
16,53,system
17,53,system
18,53,system
19,53,system
20,53,system
21,53,system
22,53,system
23,53,system
24,53,system
25,53,system
26,53,system
27,53,system
28,53,system
29,53,system
30,53,system
31,53,system
32,53,system
33,53,system
34,53,system
35,53,system
36,53,system
37,53,system
38,53,system
39,53,system
40,53,system
41,53,system
42,53,system
43,53,system
44,53,system
45,53,system
46,53,system
47,53,system
48,53,system
49,53,system
50,53,system
51,53,system
52,53,system
53,53,system
54,53,system
55,53,system
56,53,system
57,53,system
58,53,system
59,53,system
60,53,system
61,53,system
62,53,system
63,53,system
64,53,system
65,53,system
66,53,system
67,53,system
68,53,system
69,53,system
70,53,system
71,53,system
72,53,system
73,53,system
74,53,system
75,53,system
76,53,system
77,53,system
78,53,system
79,53,system
80,53,system
81,53,system
82,53,system
83,53,system
84,53,system
85,53,system
86,53,system
87,53,system
88,53,system
89,53,system
90,53,system
91,53,system
92,53,system
93,53,system
94,53,system
95,53,system
96,53,system
97,53,system
98,53,system
99,53,system
100,53,system
101,53,system
102,53,system
103,53,system
104,53,system
105,53,system
106,53,system
107,53,system
108,53,system
109,53,system
110,53,system
111,53,system
112,53,system
113,53,system
114,53,system
115,53,system
116,53,system
117,53,system
118,53,system
119,53,system
120,53,system
121,53,system
122,53,system
123,53,system
124,53,system
125,53,system
126,53,system
127,53,system
128,53,system
129,53,system
130,53,system
131,53,system
132,53,system
133,53,system
134,53,system
135,53,system
136,53,system
137,53,system
138,53,system
139,53,system
140,53,system
141,53,system
142,53,system
143,53,system
144,53,system
145,53,system
146,53,system
147,53,system
148,53,system
149,53,system
150,53,system
151,53,system
152,53,system
153,53,system
154,53,system
155,53,system
156,53,system
157,53,system
158,53,system
159,53,system
160,53,system
161,53,system
162,53,system
163,53,system
164,53,system
165,53,system
166,53,system
167,53,system
168,53,system
169,53,system
170,53,system
171,53,system
172,53,system
173,53,system
174,53,system
175,53,system
176,53,system
177,53,system
178,53,system
179,53,system
180,53,system
181,53,system
182,53,system
183,53,system
184,53,system
185,53,system
186,53,system
187,53,system
188,53,system
189,53,system
190,53,system
191,53,system
192,53,system
193,53,system
194,53,system
195,53,system
196,53,system
197,53,system
198,53,system
199,53,system
200,53,system
201,53,system
202,53,system
203,53,system
204,53,system
205,53,system
206,53,system
207,53,system
208,53,system
209,53,system
210,53,system
211,53,system
212,53,system
213,53,system
214,53,system
215,53,system
216,53,system
217,53,system
218,53,system
219,53,system
220,53,system
221,53,system
222,53,system
223,53,system
224,53,system
225,53,system
226,53,system
227,53,system
228,53,system
229,53,system
230,53,system
231,53,system
232,53,system
233,53,system
234,53,system
235,53,system
236,53,system
237,53,system
238,53,system
239,53,system
240,53,system
241,53,system
242,53,system
243,53,system
244,53,system
245,53,system
246,53,system
247,53,system
248,53,system
249,53,system
250,53,system
251,53,system
252,53,system
253,53,system
254,53,system
255,53,system
256,53,system
257,53,system
258,53,system
259,53,system
260,53,system
261,53,system
262,53,system
263,53,system
264,53,system
265,53,system
266,53,system
267,53,system
268,53,system
269,53,system
270,53,system
271,53,system
272,53,system
273,53,system
274,53,system
275,53,system
276,53,system
277,53,system
278,53,system
279,53,system
280,53,system
281,53,system
282,53,system
283,53,system
284,53,system
285,53,system
286,53,system
287,53,system
288,53,system
289,53,system
290,53,system
291,53,system
292,53,system
293,53,system
294,53,system
295,53,system
296,53,system
297,53,system
298,53,system
299,53,system
300,53,system
301,53,system
302,53,system
303,53,system
304,53,system
305,53,system
306,53,system
307,53,system
308,53,system
309,53,system
310,53,system
311,53,system
312,53,system
313,53,system
314,53,system
315,53,system
316,53,system
317,53,system
318,53,system
319,53,system
320,53,system
321,53,system
322,53,system
323,53,system
324,53,system
325,53,system
326,53,system
327,53,system
328,53,system
329,53,system
330,53,system
331,53,system
332,53,system
333,53,system
334,53,system
335,53,system
336,53,system
337,53,system
338,53,system
339,53,system
340,53,system
341,53,system
342,53,system
343,53,system
344,53,system
345,53,system
346,53,system
347,53,system
348,53,system
349,53,system
350,53,system
351,53,system
352,53,system
353,53,system
354,53,system
355,53,system
356,53,system
357,53,system
358,53,system
359,53,system
360,53,system
361,53,system
362,53,system
363,53,system
364,53,system
365,53,system
366,53,system
367,53,system
368,53,system
369,53,system
370,53,system
371,53,system
